OI_C,CHNG IN OI_C,VOLUME_C,IV_C,LTP_C,CHNG_C,BID QTY_C,BID PRICE_C,ASK PRICE_C,ASK QTY_C,STRIKE PRICE,BID QTY_P,BID PRICE_P,ASK PRICE_P,ASK QTY_P,CHNG_P,LTP_P,IV_P,VOLUME_P,CHNG IN OI_P,OI_P,TYPE_C,TYPE_P,BASQ_C,BASQ_P,RETURN_C,RETURN_P,RBAS_C,RBAS_P
0.00,0.00,0.00,0.00,0.00,0.00,0.00,0.00,0.00,0.00,12000.00,53650.00,0.10,0.15,8300.00,-0.05,0.10,207.34,7531.00,-3442.00,11835.00,1,0,0.00,-45350.00,0,-0.333333333,0,0.025
616.00,-143.00,203.00,0.00,4489.45,121.05,50.00,4478.60,4503.15,500.00,13000.00,650.00,0.20,0.25,12350.00,-0.25,0.20,174.09,3916.00,-1587.00,17207.00,1,0,450.00,11700.00,0.027710375,-0.555555556,441003.925,0.045
169.00,0.00,50.00,0.00,3981.80,184.30,500.00,3990.50,4005.10,500.00,13500.00,8100.00,0.25,0.30,9050.00,-0.20,0.25,156.02,3415.00,52.00,5294.00,1,0,0.00,950.00,0.048531929,-0.444444444,233471.52,0.055
3036.00,-656.00,1138.00,0.00,3495.75,134.60,1000.00,3491.05,3507.25,50.00,14000.00,600.00,0.20,0.30,7100.00,-0.20,0.20,133.22,5009.00,-1246.00,18651.00,1,0,-950.00,6500.00,0.040045818,-0.5,226744.92,0.1
0.00,0.00,0.00,0.00,0.00,0.00,50.00,3091.35,3194.00,900.00,14350.00,300.00,0.20,0.25,1800.00,-0.30,0.20,119.47,1060.00,-87.00,248.00,1,0,850.00,1500.00,0,-0.6,1290382.355,0.045
3.00,0.00,4.00,130.05,3102.85,333.95,50.00,3037.15,3147.15,650.00,14400.00,5550.00,0.10,0.15,100.00,-0.40,0.10,111.53,1789.00,-405.00,1149.00,1,0,600.00,-5450.00,0.120607461,-0.8,1360546,0.025
8.00,7.00,24.00,178.94,3063.35,337.35,1250.00,2978.85,3049.15,250.00,14450.00,2050.00,0.15,0.25,450.00,-0.40,0.15,113.03,353.00,58.00,177.00,1,0,-1000.00,-1600.00,0.123752751,-0.727272727,847536.8,0.08
2393.00,-203.00,403.00,157.02,3007.15,149.50,200.00,2991.75,3005.60,450.00,14500.00,140650.00,0.05,0.10,56750.00,-0.35,0.10,107.83,18763.00,-1824.00,17115.00,1,0,250.00,-83900.00,0.052315714,-0.777777778,166126.595,0.015
0.00,0.00,0.00,0.00,0.00,0.00,1250.00,2867.95,3029.30,50.00,14550.00,4050.00,0.15,0.30,1800.00,-0.40,0.15,109.24,978.00,31.00,99.00,1,0,-1200.00,-2250.00,0,-0.727272727,1903042.575,0.135
1.00,0.00,0.00,0.00,0.00,0.00,1250.00,2818.95,2973.35,1250.00,14600.00,2400.00,0.15,0.25,200.00,-0.30,0.15,107.35,2942.00,-128.00,738.00,1,0,0.00,-2200.00,0,-0.666666667,1788662.24,0.08
2.00,0.00,4.00,0.00,2844.50,644.35,1250.00,2773.85,2854.50,50.00,14650.00,400.00,0.25,0.35,2700.00,-0.25,0.35,112.97,198.00,-36.00,165.00,1,0,-1200.00,2300.00,0.292866395,-0.416666667,907852.855,0.12
1.00,0.00,0.00,0.00,0.00,0.00,1250.00,2723.15,2867.20,1250.00,14700.00,900.00,0.20,0.35,100.00,-0.35,0.25,107.88,1896.00,76.00,711.00,1,0,0.00,-800.00,0,-0.583333333,1610579.835,0.165
23.00,0.00,0.00,0.00,0.00,0.00,1250.00,2667.65,2828.00,1250.00,14750.00,3250.00,0.15,0.30,50.00,-0.55,0.15,101.71,711.00,-399.00,297.00,1,0,0.00,-3200.00,0,-0.785714286,1762454.955,0.135
33.00,0.00,0.00,0.00,0.00,0.00,1250.00,2630.00,2775.25,1250.00,14800.00,2450.00,0.15,0.20,250.00,-0.45,0.15,99.84,1915.00,-328.00,2030.00,1,0,0.00,-2200.00,0,-0.75,1570225.125,0.035
83.00,0.00,0.00,0.00,0.00,0.00,1250.00,2571.00,2703.05,1250.00,14850.00,5200.00,0.15,0.65,50.00,-0.50,0.20,100.23,222.00,-40.00,140.00,1,0,0.00,-5150.00,0,-0.714285714,1392876.605,0.8
138.00,0.00,5.00,0.00,2579.00,88.45,1250.00,2531.85,2673.70,1100.00,14900.00,31500.00,0.05,0.15,4500.00,-0.70,0.05,88.74,6560.00,-1787.00,2490.00,1,0,-150.00,-27000.00,0.035514244,-0.933333333,1476814.535,0.04
56.00,0.00,0.00,0.00,0.00,0.00,1250.00,2487.50,2623.75,1250.00,14950.00,4300.00,0.10,0.20,2350.00,-0.55,0.20,96.43,1192.00,149.00,453.00,1,0,0.00,-1950.00,0,-0.733333333,1392815.625,0.06
6446.00,-1097.00,2866.00,0.00,2495.85,129.65,1300.00,2492.15,2501.20,200.00,15000.00,1500.00,0.35,0.45,9250.00,-0.35,0.45,101.33,40021.00,-12232.00,43863.00,1,0,-1100.00,7750.00,0.054792494,-0.4375,90379.635,0.16
12.00,0.00,0.00,0.00,0.00,0.00,1800.00,2374.55,2522.75,1100.00,15050.00,50.00,0.30,0.75,100.00,-0.40,0.35,97.13,7713.00,29.00,173.00,1,0,-700.00,50.00,0,-0.533333333,1451559.72,0.945
43.00,-1.00,2.00,0.00,2391.25,170.10,1250.00,2324.30,2470.70,1250.00,15100.00,50.00,0.20,0.30,750.00,-0.40,0.30,93.90,4138.00,-252.00,1600.00,1,0,0.00,700.00,0.076581951,-0.571428571,1403976,0.1
7.00,0.00,0.00,0.00,0.00,0.00,1250.00,2275.85,2392.20,50.00,15150.00,100.00,0.30,1.05,50.00,-0.50,0.25,90.55,86.00,-21.00,112.00,1,0,-1200.00,-50.00,0,-0.666666667,1086255.235,2.025
72.00,-1.00,2.00,140.42,2315.00,192.35,1250.00,2226.65,2361.20,1250.00,15200.00,2600.00,0.15,0.30,2800.00,-0.50,0.15,85.02,4792.00,-449.00,4420.00,1,0,0.00,200.00,0.09061786,-0.769230769,1234590.435,0.135
15.00,0.00,0.00,0.00,0.00,0.00,1250.00,2176.25,2316.40,1250.00,15250.00,4250.00,0.20,1.20,50.00,-0.50,0.20,85.14,181.00,21.00,191.00,1,0,0.00,-4200.00,0,-0.714285714,1259289.795,2.8
86.00,0.00,0.00,0.00,0.00,0.00,50.00,2143.05,2237.10,700.00,15300.00,100.00,0.15,0.25,1000.00,-0.50,0.15,81.36,14311.00,-201.00,15327.00,1,0,650.00,900.00,0,-0.769230769,823906.215,0.08
256.00,0.00,0.00,0.00,0.00,0.00,1250.00,2078.45,2194.70,1250.00,15350.00,1900.00,0.20,0.30,200.00,-0.50,0.20,81.40,510.00,-10.00,469.00,1,0,0.00,-1700.00,0,-0.714285714,993507.375,0.1
125.00,-6.00,7.00,119.13,2110.00,166.05,50.00,2044.95,2142.15,50.00,15400.00,11200.00,0.15,0.25,1200.00,-0.60,0.25,81.05,4231.00,-727.00,2476.00,1,0,0.00,-10000.00,0.085418864,-0.705882353,813972.24,0.08
162.00,0.00,0.00,0.00,0.00,0.00,2350.00,1980.05,2064.40,50.00,15450.00,50.00,0.35,0.75,1800.00,-0.50,0.50,84.26,3718.00,-2253.00,1092.00,1,0,-2300.00,1750.00,0,-0.5,682298.715,0.88
2965.00,-271.00,693.00,0.00,1998.55,135.95,450.00,1998.55,2000.90,400.00,15500.00,2500.00,0.45,0.60,6150.00,-0.60,0.40,80.57,42395.00,-3386.00,48621.00,1,0,-50.00,3650.00,0.07298937,-0.6,18797.415,0.315
61.00,0.00,0.00,0.00,0.00,0.00,1250.00,1888.45,1998.30,1250.00,15550.00,50.00,0.25,0.90,50.00,-0.45,0.40,78.62,661.00,-105.00,737.00,1,0,0.00,0.00,0,-0.529411765,853918.975,1.495
1049.00,-12.00,13.00,141.14,1933.80,314.55,250.00,1886.15,1933.45,700.00,15600.00,50.00,0.50,0.60,3450.00,-0.30,0.60,79.69,11714.00,-1744.00,7698.00,1,0,450.00,3400.00,0.1942566,-0.333333333,361334.16,0.22
53.00,0.00,0.00,0.00,0.00,0.00,1250.00,1782.85,1892.20,750.00,15650.00,1800.00,0.25,0.50,1000.00,-0.60,0.30,72.79,386.00,-50.00,474.00,1,0,-500.00,-800.00,0,-0.666666667,803733.435,0.375
4604.00,-42.00,85.00,107.82,1812.20,151.75,150.00,1789.70,1799.55,200.00,15700.00,1250.00,0.35,0.55,50.00,-0.55,0.35,71.88,13465.00,-2589.00,8495.00,1,0,50.00,-1200.00,0.091390888,-0.611111111,70708.225,0.36
227.00,-3.00,3.00,80.53,1753.95,260.20,600.00,1717.15,1771.45,600.00,15750.00,2600.00,0.50,1.20,50.00,-0.40,0.50,72.35,1267.00,-106.00,1029.00,1,0,0.00,-2550.00,0.174192469,-0.444444444,378861.96,2.38
9614.00,-70.00,169.00,0.00,1696.80,135.65,150.00,1689.05,1712.35,50.00,15800.00,200.00,0.45,0.50,3150.00,-0.40,0.50,70.38,26684.00,-5869.00,19553.00,1,0,-100.00,2950.00,0.086891074,-0.444444444,158505.24,0.095
382.00,-4.00,6.00,0.00,1629.85,223.65,2400.00,1584.95,1676.95,50.00,15850.00,850.00,0.45,1.05,50.00,-0.45,0.45,67.71,2287.00,-636.00,962.00,1,0,-2350.00,-800.00,0.159045655,-0.5,600189.6,1.8
5959.00,-77.00,106.00,0.00,1600.00,122.90,50.00,1592.35,1598.40,150.00,15900.00,7350.00,0.30,0.40,100.00,-0.60,0.30,63.30,28578.00,-1313.00,30002.00,1,0,100.00,-7250.00,0.083203575,-0.666666667,38608.075,0.14
431.00,-3.00,9.00,94.21,1562.10,172.70,150.00,1536.75,1569.05,750.00,15950.00,2800.00,0.40,0.60,50.00,-0.60,0.45,63.80,4271.00,-1006.00,2073.00,1,0,600.00,-2750.00,0.124298258,-0.571428571,200634.68,0.4
13545.00,-861.00,2466.00,0.00,1493.60,122.25,650.00,1491.90,1499.70,850.00,16000.00,9000.00,0.65,0.70,2150.00,-0.65,0.65,64.17,151289.00,-23387.00,83441.00,1,0,200.00,-6850.00,0.089145732,-0.5,46668.96,0.135
776.00,-2.00,2.00,88.67,1462.00,184.00,400.00,1434.95,1453.70,800.00,16050.00,50.00,0.65,0.90,4850.00,-0.60,0.70,62.64,5606.00,-156.00,1848.00,1,0,400.00,4800.00,0.143974961,-0.461538462,108324.375,0.775
1589.00,-111.00,189.00,0.00,1398.30,130.90,150.00,1390.35,1399.10,600.00,16100.00,7650.00,0.50,0.60,850.00,-0.75,0.60,59.65,47153.00,-6232.00,14100.00,1,0,450.00,-6800.00,0.10328231,-0.555555556,48815.375,0.22
503.00,-5.00,9.00,93.62,1370.00,208.60,50.00,1337.60,1348.30,50.00,16150.00,900.00,0.55,0.60,750.00,-0.95,0.55,57.14,7119.00,-769.00,1373.00,1,0,0.00,-150.00,0.179610815,-0.633333333,57478.26,0.115
3708.00,-115.00,682.00,67.56,1305.70,145.95,800.00,1290.75,1299.55,200.00,16200.00,2000.00,0.60,0.65,6050.00,-0.95,0.60,55.65,91896.00,-7564.00,35970.00,1,0,-600.00,4050.00,0.125846088,-0.612903226,45589.28,0.125
438.00,-1.00,8.00,82.03,1265.00,146.00,1800.00,1190.00,1256.45,50.00,16250.00,27150.00,0.55,0.85,50.00,-1.25,0.55,53.17,12205.00,-2171.00,2251.00,1,0,-1750.00,-27100.00,0.130473637,-0.694444444,325133.205,0.84
3977.00,-154.00,966.00,69.49,1208.55,137.65,800.00,1190.90,1199.15,150.00,16300.00,750.00,0.65,0.90,50.00,-1.55,0.55,51.19,124146.00,-20239.00,24075.00,1,0,-650.00,-700.00,0.128536745,-0.738095238,39435.825,0.775
415.00,-5.00,8.00,0.00,1124.65,139.65,150.00,1138.90,1151.00,150.00,16350.00,2400.00,0.60,1.00,550.00,-1.80,0.60,49.66,21588.00,-4660.00,2741.00,1,0,0.00,-1850.00,0.14177665,-0.75,55415.58,1.28
2910.00,-160.00,373.00,0.00,1098.80,127.30,50.00,1043.55,1098.05,200.00,16400.00,2000.00,0.85,0.90,2450.00,-1.70,0.90,49.85,162377.00,-12054.00,32942.00,1,0,150.00,450.00,0.131034483,-0.653846154,233434.4,0.175
391.00,-25.00,374.00,69.09,1063.55,150.55,500.00,1041.10,1048.15,150.00,16450.00,50.00,1.00,1.10,650.00,-2.10,0.80,47.13,26573.00,-3569.00,4341.00,1,0,-350.00,600.00,0.164895947,-0.724137931,29458.425,0.42
23624.00,-571.00,3760.00,0.00,996.00,126.15,50.00,996.00,999.10,50.00,16500.00,1650.00,1.20,1.50,8900.00,-1.85,1.50,48.63,479402.00,-11145.00,121048.00,1,0,0.00,7250.00,0.145025004,-0.552238806,12369.62,1.62
819.00,-27.00,372.00,0.00,943.65,134.35,200.00,940.15,949.45,200.00,16550.00,50.00,1.35,1.85,50.00,-2.50,1.35,45.82,43571.00,-707.00,5585.00,1,0,0.00,0.00,0.166007661,-0.649350649,35146.56,3.2
10681.00,-37.00,1018.00,0.00,899.35,125.35,200.00,893.55,900.10,250.00,16600.00,850.00,1.15,1.35,500.00,-3.30,1.15,42.78,415200.00,-66082.00,41582.00,1,0,50.00,-350.00,0.161950904,-0.741573034,23496.815,1
380.00,-36.00,77.00,0.00,845.00,106.80,50.00,797.35,850.45,50.00,16650.00,400.00,1.30,1.60,100.00,-3.65,1.30,41.27,59447.00,-3428.00,5900.00,1,0,0.00,-300.00,0.14467624,-0.737373737,174996.36,1.74
16551.00,-201.00,1535.00,0.00,798.65,123.65,550.00,794.05,801.25,150.00,16700.00,200.00,1.80,1.85,3300.00,-4.00,1.80,40.84,399750.00,-71.00,65739.00,1,0,-400.00,3100.00,0.183185185,-0.689655172,22972.32,0.365
477.00,-213.00,537.00,0.00,745.75,127.95,100.00,741.20,749.90,200.00,16750.00,350.00,1.60,2.00,450.00,-4.60,2.00,39.16,117029.00,-13583.00,8617.00,1,0,100.00,100.00,0.20710586,-0.696969697,25945.14,2.88
13734.00,-1777.00,3996.00,0.00,699.00,124.10,300.00,696.10,699.85,150.00,16800.00,4450.00,2.00,2.40,300.00,-5.85,2.00,36.87,569625.00,8378.00,75225.00,1,0,-150.00,-4150.00,0.215863628,-0.74522293,10469.625,3.52
843.00,-65.00,177.00,0.00,646.95,125.60,50.00,642.75,649.90,50.00,16850.00,150.00,2.70,2.75,1800.00,-6.65,2.75,36.28,216974.00,27749.00,42868.00,1,0,0.00,1650.00,0.240913014,-0.707446809,18484.895,0.545
6136.00,-826.00,2196.00,0.00,599.90,124.00,50.00,596.50,600.00,200.00,16900.00,100.00,3.10,3.20,2550.00,-8.05,3.20,34.72,757242.00,18949.00,88999.00,1,0,150.00,2450.00,0.260558941,-0.715555556,8375.5,1.26
922.00,-136.00,461.00,0.00,548.65,118.30,150.00,544.45,550.65,200.00,16950.00,1100.00,3.30,3.65,9900.00,-10.25,3.40,32.59,226420.00,-4952.00,12173.00,1,0,50.00,8800.00,0.274892529,-0.750915751,13579.24,4.865
21387.00,-4267.00,28544.00,0.00,499.00,118.20,200.00,499.00,500.80,50.00,17000.00,150.00,4.20,4.40,100.00,-11.85,4.10,31.11,1089933.00,3742.00,130145.00,1,0,-150.00,-50.00,0.31039916,-0.742946708,3599.28,3.44
789.00,-522.00,2347.00,0.00,451.50,118.70,3600.00,408.65,452.40,150.00,17050.00,2600.00,4.50,5.20,50.00,-14.90,4.50,29.02,323931.00,-6746.00,15037.00,1,0,-3450.00,-2550.00,0.356670673,-0.768041237,75341.875,13.58
8355.00,-6174.00,32406.00,13.50,402.95,115.20,50.00,400.00,403.00,450.00,17100.00,650.00,5.50,5.90,500.00,-17.00,6.20,28.16,997989.00,-3480.00,66752.00,1,0,400.00,-150.00,0.400347524,-0.732758621,4818,9.12
3093.00,-1391.00,10565.00,0.00,352.80,109.15,300.00,348.20,355.00,150.00,17150.00,2400.00,6.50,7.70,100.00,-23.05,6.50,25.61,395681.00,8294.00,26688.00,1,0,-150.00,-2300.00,0.447978658,-0.780033841,9563.52,34.08
48755.00,-4816.00,148391.00,0.00,302.40,100.25,50.00,302.90,305.00,750.00,17200.00,2400.00,9.00,9.45,5050.00,-28.00,9.00,24.59,1323431.00,-1769.00,115572.00,1,0,700.00,2650.00,0.495918872,-0.756756757,2553.18,16.605
7759.00,-13821.00,72966.00,18.62,258.00,94.85,200.00,256.00,258.00,550.00,17250.00,900.00,10.65,12.90,50.00,-39.20,10.65,22.50,635272.00,1702.00,27920.00,1,0,350.00,-850.00,0.58136684,-0.786359077,2056,105.975
38440.00,-56090.00,488883.00,17.12,210.05,81.40,100.00,210.30,213.00,2750.00,17300.00,900.00,16.35,17.50,2600.00,-46.80,17.45,22.54,1655009.00,1180.00,85672.00,1,0,2650.00,1700.00,0.632724446,-0.728404669,2285.82,77.855
5692.00,-25741.00,238844.00,16.89,166.00,67.65,50.00,165.30,168.30,100.00,17350.00,100.00,21.55,23.00,900.00,-60.60,23.00,20.98,788301.00,16243.00,31608.00,1,0,50.00,800.00,0.687849517,-0.724880383,2001.6,129.195
39249.00,-49234.00,1511627.00,17.26,127.35,54.25,150.00,127.40,128.00,3600.00,17400.00,4400.00,32.00,32.30,50.00,-73.45,32.00,19.79,2336720.00,66984.00,90140.00,1,0,3450.00,-4350.00,0.742134063,-0.696538644,306.48,38.58
21197.00,-853.00,1071767.00,16.68,91.00,38.40,100.00,90.00,91.00,450.00,17450.00,500.00,44.50,46.45,350.00,-93.70,45.00,18.71,1268168.00,34577.00,37491.00,1,0,350.00,-150.00,0.730038023,-0.67555876,362,354.705
112515.00,-21697.00,3526557.00,16.00,60.00,22.60,100.00,59.20,61.45,400.00,17500.00,3150.00,63.00,65.90,1400.00,-108.00,63.00,17.66,2541133.00,76320.00,102764.00,1,0,300.00,-1750.00,0.604278075,-0.631578947,542.925,747.62
39777.00,18699.00,1149491.00,15.99,38.00,12.80,1150.00,37.00,37.50,100.00,17550.00,50.00,90.60,93.75,200.00,-116.55,91.75,17.94,404742.00,9731.00,10700.00,0,1,-1050.00,150.00,0.507936508,-0.559529525,74.5,1161.405
80860.00,20290.00,2133819.00,15.79,21.85,4.80,50.00,21.05,21.95,200.00,17600.00,100.00,124.60,127.95,350.00,-121.70,125.05,17.87,603204.00,6387.00,13767.00,0,1,150.00,250.00,0.281524927,-0.493211753,77.4,1692.085
30317.00,9165.00,927687.00,15.48,11.15,-0.15,700.00,11.10,11.20,200.00,17650.00,250.00,165.00,169.30,150.00,-117.50,169.50,20.16,57627.00,1171.00,1418.00,0,1,-500.00,-100.00,-0.013274336,-0.409407666,4.46,2874.98
84129.00,11307.00,1606289.00,15.55,5.55,-2.10,50.00,5.50,5.60,300.00,17700.00,300.00,209.00,211.55,50.00,-131.30,211.05,20.34,125886.00,-2436.00,3779.00,0,1,250.00,-250.00,-0.274509804,-0.383525632,2.22,2144.805
40629.00,9980.00,852992.00,16.89,3.75,-1.60,1500.00,3.30,3.85,650.00,17750.00,100.00,256.35,263.10,350.00,-131.50,258.00,22.06,6391.00,245.00,376.00,0,1,-850.00,250.00,-0.299065421,-0.337612323,7.865,7012.575
111308.00,-2360.00,1421961.00,18.12,2.55,-1.40,50.00,2.05,2.55,2600.00,17800.00,50.00,305.00,307.55,50.00,-133.95,305.70,23.70,27646.00,-1702.00,3333.00,0,1,2550.00,0.00,-0.35443038,-0.304674173,4.6,3124.005
31944.00,15150.00,471181.00,18.80,1.50,-1.50,4550.00,1.40,1.50,50.00,17850.00,150.00,353.60,359.40,150.00,-128.75,357.05,27.56,1155.00,60.00,163.00,0,1,-4500.00,0.00,-0.5,-0.26502676,0.58,8270.8
84700.00,-3717.00,961623.00,20.09,1.10,-1.35,18900.00,1.10,1.30,300.00,17900.00,550.00,403.75,407.50,50.00,-133.25,405.00,28.89,3267.00,-4.00,1202.00,0,1,-18600.00,-500.00,-0.551020408,-0.247561542,0.96,6084.375
21717.00,-3976.00,247701.00,22.35,1.15,-0.90,500.00,1.00,1.15,100.00,17950.00,750.00,403.75,498.95,1800.00,-112.90,455.10,31.73,258.00,20.00,44.00,0,1,-400.00,1050.00,-0.43902439,-0.198767606,0.645,171874.08
202175.00,18638.00,844604.00,23.99,1.00,-0.75,22300.00,0.90,1.00,15350.00,18000.00,50.00,504.85,506.65,100.00,-130.20,505.10,34.43,15186.00,-3187.00,8720.00,0,1,-6950.00,50.00,-0.428571429,-0.204942547,0.38,3641.4
5297.00,-3923.00,77800.00,25.28,0.80,-0.65,50.00,0.65,0.90,50.00,18050.00,350.00,552.65,558.75,200.00,-159.20,536.65,0.00,26.00,3.00,34.00,0,1,0.00,-150.00,-0.448275862,-0.228784939,0.775,13559.08
32167.00,-9489.00,222407.00,26.32,0.60,-0.65,2800.00,0.65,0.70,6850.00,18100.00,150.00,602.75,626.35,3850.00,-132.25,602.80,37.21,485.00,-8.00,359.00,0,1,4050.00,3700.00,-0.52,-0.179919733,0.135,58013.52
3995.00,-1223.00,23311.00,27.62,0.50,-0.60,1100.00,0.50,0.75,50.00,18150.00,200.00,653.30,659.75,400.00,-180.70,653.75,40.81,17.00,2.00,33.00,0,1,-1050.00,200.00,-0.545454545,-0.216549823,0.625,16938.345
28163.00,-8367.00,128621.00,30.09,0.60,-0.40,49500.00,0.50,0.60,40850.00,18200.00,50.00,702.40,752.30,50.00,-133.35,702.15,41.25,324.00,-127.00,539.00,0,1,-8650.00,0.00,-0.4,-0.159605027,0.22,145179.06
2957.00,-1174.00,9642.00,31.95,0.60,-0.20,4600.00,0.40,0.55,50.00,18250.00,250.00,752.30,758.30,50.00,-201.45,733.05,0.00,9.00,-2.00,40.00,0,1,-4550.00,-200.00,-0.25,-0.215569823,0.285,18127.2
39292.00,-8637.00,76684.00,33.46,0.55,-0.25,50.00,0.40,0.55,8900.00,18300.00,200.00,801.55,853.00,450.00,-136.70,802.45,46.42,916.00,37.00,638.00,0,1,8850.00,250.00,-0.3125,-0.145557153,0.285,170253.195
1496.00,-606.00,10066.00,34.90,0.50,-0.25,4050.00,0.40,0.65,1800.00,18350.00,200.00,850.80,858.80,50.00,-216.20,835.15,0.00,4.00,1.00,22.00,0,1,-2250.00,-150.00,-0.333333333,-0.205640367,0.525,27353.6
10145.00,-2392.00,25611.00,35.34,0.35,-0.35,3800.00,0.35,0.40,3250.00,18400.00,350.00,900.55,909.40,1300.00,-150.50,887.85,0.00,42.00,-21.00,109.00,0,1,-550.00,950.00,-0.5,-0.144941494,0.075,32036.115
1517.00,446.00,13711.00,38.03,0.45,-0.25,850.00,0.45,0.50,4100.00,18450.00,50.00,951.05,961.35,150.00,-214.95,936.50,0.00,3.00,-1.00,9.00,0,1,3250.00,100.00,-0.357142857,-0.186677667,0.095,39395.44
91646.00,-4992.00,122055.00,38.76,0.35,-0.35,57000.00,0.35,0.40,18100.00,18500.00,600.00,1003.30,1010.30,2750.00,-133.40,1005.30,59.73,1526.00,-619.00,3680.00,0,1,-38900.00,2150.00,-0.5,-0.117151137,0.075,28190.4
881.00,-32.00,18672.00,40.45,0.35,-0.30,7700.00,0.35,0.45,300.00,18550.00,200.00,1013.40,1096.25,1800.00,0.00,0.00,0.00,0.00,0.00,4.00,0,1,-7400.00,1600.00,-0.461538462,0,0.16,349569.005
8791.00,-658.00,13445.00,41.50,0.30,-0.30,1800.00,0.30,0.35,50.00,18600.00,1000.00,1099.55,1113.60,200.00,-157.20,1089.05,0.00,121.00,-28.00,187.00,0,1,-1750.00,-800.00,-0.5,-0.126138415,0.065,62189.515
459.00,-121.00,7727.00,42.42,0.25,-0.35,14400.00,0.25,0.35,450.00,18650.00,150.00,1115.45,1198.10,850.00,0.00,0.00,0.00,0.00,0.00,1.00,0,1,-13950.00,700.00,-0.583333333,0,0.12,382429.815
4588.00,-228.00,13189.00,44.79,0.30,-0.25,2300.00,0.30,0.35,9000.00,18700.00,350.00,1199.40,1211.25,200.00,-140.80,1190.00,0.00,23.00,-2.00,85.00,0,1,6700.00,-150.00,-0.454545455,-0.105801022,0.065,57132.405
497.00,-356.00,14346.00,45.64,0.25,-0.30,8350.00,0.25,0.35,1200.00,18750.00,1800.00,1207.90,1297.95,1800.00,0.00,0.00,0.00,0.00,0.00,12.00,0,1,-7150.00,0.00,-0.545454545,0,0.12,451303.585
4056.00,-1079.00,7893.00,47.23,0.25,-0.30,700.00,0.25,0.35,8650.00,18800.00,1000.00,1243.15,1336.75,650.00,-172.85,1280.00,0.00,41.00,-9.00,68.00,0,1,7950.00,-350.00,-0.545454545,-0.118973053,0.12,482957.28
262.00,28.00,1926.00,48.82,0.25,-0.30,950.00,0.25,0.35,2700.00,18850.00,1800.00,1307.15,1391.80,1800.00,0.00,0.00,0.00,0.00,0.00,2.00,0,1,1750.00,0.00,-0.545454545,0,0.12,456932.235
2734.00,-1.00,8775.00,49.40,0.20,-0.30,28800.00,0.20,0.25,400.00,18900.00,1250.00,1341.80,1453.75,850.00,0.00,0.00,0.00,0.00,0.00,29.00,0,1,-28400.00,-400.00,-0.6,0,0.045,625923.645
187.00,-122.00,9662.00,50.95,0.20,-0.25,11400.00,0.20,0.35,50.00,18950.00,1000.00,1396.05,1518.60,700.00,0.00,0.00,0.00,0.00,0.00,1.00,0,1,-11350.00,-300.00,-0.555555556,0,0.165,714380.715
35902.00,-6547.00,33789.00,53.53,0.25,-0.20,400.00,0.25,0.30,3400.00,19000.00,400.00,1502.20,1509.95,300.00,-133.00,1507.75,86.21,2249.00,-949.00,4061.00,0,1,3000.00,-100.00,-0.444444444,-0.081060491,0.055,46688.325
354.00,-13.00,4577.00,56.80,0.35,-0.05,15200.00,0.20,0.35,3650.00,19050.00,1000.00,1492.20,1629.35,1250.00,0.00,0.00,0.00,0.00,0.00,1.00,0,1,-11550.00,250.00,-0.125,0,0.165,856241.165
1166.00,-740.00,13756.00,59.12,0.40,-0.05,6700.00,0.40,0.45,1500.00,19100.00,1350.00,1558.70,1669.35,850.00,-165.00,1585.00,0.00,2.00,-1.00,22.00,0,1,-5200.00,-500.00,-0.111111111,-0.094285714,0.085,714367.465
141.00,-20.00,758.00,59.96,0.35,0.00,350.00,0.25,0.45,50.00,19150.00,1250.00,1592.25,1739.05,1250.00,0.00,0.00,0.00,0.00,0.00,1.00,0,1,-300.00,0.00,0,0,0.28,978069.68
1339.00,-77.00,1802.00,60.66,0.30,-0.10,650.00,0.30,0.40,250.00,19200.00,1000.00,1634.35,1792.00,1000.00,0.00,0.00,0.00,0.00,0.00,21.00,0,1,-400.00,0.00,-0.25,0,0.14,1080328.155
273.00,16.00,2018.00,62.21,0.30,-0.05,1800.00,0.15,0.50,50.00,19250.00,1000.00,1687.45,1846.25,1000.00,0.00,0.00,0.00,0.00,0.00,3.00,0,1,-1750.00,0.00,-0.142857143,0,0.455,1122303.12
3622.00,138.00,5719.00,64.64,0.35,-0.25,6450.00,0.35,0.40,7050.00,19300.00,1000.00,1738.45,1893.40,50.00,-251.55,1785.00,0.00,10.00,-2.00,33.00,0,1,600.00,-950.00,-0.416666667,-0.123517714,0.075,1125510.315
195.00,-90.00,1932.00,64.23,0.25,-0.35,15000.00,0.20,0.40,1050.00,19350.00,1250.00,1800.45,1942.45,1800.00,0.00,0.00,0.00,0.00,0.00,1.00,0,1,-13950.00,550.00,-0.583333333,0,0.24,1062983.6
1499.00,162.00,1071.00,66.79,0.30,-0.25,7900.00,0.30,0.40,2500.00,19400.00,1000.00,1831.65,1944.90,50.00,-163.60,1895.00,0.00,14.00,-12.00,71.00,0,1,-5400.00,-950.00,-0.454545455,-0.079471485,0.14,855388.575
107.00,-18.00,1209.00,72.24,0.55,0.15,50.00,0.35,0.75,1500.00,19450.00,550.00,1888.20,2045.25,1000.00,0.00,0.00,0.00,0.00,0.00,1.00,0,1,1450.00,450.00,0.375,0,0.88,1235496.645
11419.00,-396.00,8811.00,69.81,0.30,-0.15,2750.00,0.30,0.40,3550.00,19500.00,200.00,2003.10,2013.85,100.00,-131.60,2009.10,110.30,285.00,-8.00,1141.00,0,1,800.00,-100.00,-0.333333333,-0.061475218,0.14,86364.425
1915.00,-79.00,6334.00,72.29,0.35,-0.20,2200.00,0.35,0.50,1400.00,19550.00,1250.00,1982.55,2149.20,1000.00,0.00,0.00,0.00,0.00,0.00,1.00,0,1,-800.00,-250.00,-0.363636364,0,0.255,1377112.275
2711.00,-99.00,2629.00,74.70,0.40,-0.15,400.00,0.25,0.40,1750.00,19600.00,200.00,2094.05,2116.65,50.00,-241.80,2094.00,0.00,42.00,-30.00,42.00,0,1,1350.00,-150.00,-0.272727273,-0.103519137,0.195,190323.64
117.00,-53.00,7465.00,70.12,0.15,-0.40,1750.00,0.15,0.55,50.00,19650.00,700.00,2078.50,2248.45,1800.00,0.00,0.00,0.00,0.00,0.00,3.00,0,1,-1700.00,1100.00,-0.727272727,0,0.56,1470730.305
3090.00,-49.00,1423.00,71.53,0.15,-0.25,3150.00,0.15,0.25,50.00,19700.00,700.00,2112.65,2258.10,1800.00,0.00,0.00,0.00,0.00,0.00,9.00,0,1,-3100.00,1100.00,-0.625,0,0.08,1271451.175
420.00,-313.00,2569.00,72.93,0.15,-0.40,3450.00,0.15,0.40,50.00,19750.00,1000.00,2183.40,2301.15,1100.00,0.00,0.00,0.00,0.00,0.00,1.00,0,1,-3400.00,100.00,-0.727272727,0,0.275,1056111.525
3929.00,-284.00,4447.00,76.07,0.20,-0.25,2800.00,0.15,0.30,650.00,19800.00,1000.00,2223.10,2426.20,1800.00,-203.20,2296.80,81.99,10.00,0.00,13.00,0,1,-2150.00,800.00,-0.555555556,-0.08128,0.135,1888545.66
22321.00,-412.00,17829.00,85.65,0.35,0.05,26850.00,0.20,0.35,10950.00,20000.00,1000.00,2506.65,2516.10,50.00,-116.80,2510.05,132.94,4166.00,-144.00,7702.00,0,1,-15900.00,-950.00,0.166666667,-0.044463902,0.165,94929.975
17819.00,-470.00,3518.00,93.33,0.15,-0.25,46850.00,0.15,0.20,1350.00,20500.00,100.00,3002.30,3013.55,200.00,-132.35,3000.10,128.27,38.00,-9.00,68.00,0,1,-45500.00,100.00,-0.625,-0.042251273,0.035,135356.625
46726.00,-2398.00,13264.00,106.31,0.15,-0.10,41800.00,0.15,0.20,800.00,21000.00,100.00,3500.90,3517.55,750.00,-146.85,3498.30,136.19,759.00,-435.00,447.00,0,1,-41000.00,650.00,-0.4,-0.040286408,0.035,233714.385
